{"cameraMode":{"drawMode":0,"name":"Shaded","section":"Shading Mode"},"sceneLighting":true,"audioPlay":false,"sceneViewState":{"m_AlwaysRefresh":false,"showFog":true,"showSkybox":true,"showFlares":true,"showImageEffects":true,"showParticleSystems":true,"showVisualEffectGraphs":true,"m_FxEnabled":true},"in2DMode":false,"pivot":{"x":-24.510000228881837,"y":1.8799999952316285,"z":18.219999313354493},"rotation":{"x":-0.24885357916355134,"y":0.1583789587020874,"z":-0.04128890112042427,"w":-0.9546537399291992},"size":7.476632595062256,"orthographic":true}