{"cameraMode":{"drawMode":0,"name":"Shaded","section":"Shading Mode"},"sceneLighting":false,"audioPlay":false,"sceneViewState":{"m_AlwaysRefresh":false,"showFog":true,"showSkybox":false,"showFlares":true,"showImageEffects":true,"showParticleSystems":true,"showVisualEffectGraphs":true,"m_FxEnabled":true},"in2DMode":false,"pivot":{"x":0.001356169581413269,"y":0.09765008836984635,"z":0.003306567668914795},"rotation":{"x":0.11762993782758713,"y":-0.4564213454723358,"z":0.061016932129859927,"w":0.8799041509628296},"size":0.16160841286182404,"orthographic":true}