{"cameraMode":{"drawMode":0,"name":"Shaded","section":"Shading Mode"},"sceneLighting":false,"audioPlay":false,"sceneViewState":{"m_AlwaysRefresh":false,"showFog":true,"showSkybox":false,"showFlares":true,"showImageEffects":true,"showParticleSystems":true,"showVisualEffectGraphs":true,"m_FxEnabled":true},"in2DMode":false,"pivot":{"x":0.02681111916899681,"y":0.1818237602710724,"z":-0.0010645687580108643},"rotation":{"x":0.09434778243303299,"y":-0.905247688293457,"z":0.3079426884651184,"w":0.27733564376831057},"size":0.2792750597000122,"orthographic":true}