{"cameraMode":{"drawMode":0,"name":"Shaded","section":"Shading Mode"},"sceneLighting":false,"audioPlay":false,"sceneViewState":{"m_AlwaysRefresh":false,"showFog":true,"showSkybox":false,"showFlares":true,"showImageEffects":true,"showParticleSystems":true,"showVisualEffectGraphs":true,"m_FxEnabled":true},"in2DMode":false,"pivot":{"x":-0.08510398864746094,"y":2.532768726348877,"z":0.012814044952392578},"rotation":{"x":0.2782846689224243,"y":-0.3613073527812958,"z":0.11389709264039993,"w":0.8827052116394043},"size":7.8845415115356449,"orthographic":true}