{"cameraMode":{"drawMode":0,"name":"Shaded","section":"Shading Mode"},"sceneLighting":false,"audioPlay":false,"sceneViewState":{"m_AlwaysRefresh":false,"showFog":true,"showSkybox":false,"showFlares":true,"showImageEffects":true,"showParticleSystems":true,"showVisualEffectGraphs":true,"m_FxEnabled":true},"in2DMode":false,"pivot":{"x":-0.07779812812805176,"y":0.24657730758190156,"z":-0.14311453700065614},"rotation":{"x":-0.07702957093715668,"y":-0.26167359948158266,"z":0.020929479971528055,"w":-0.9619765281677246},"size":1.1958211660385132,"orthographic":true}