{"cameraMode":{"drawMode":0,"name":"Shaded","section":"Shading Mode"},"sceneLighting":false,"audioPlay":false,"sceneViewState":{"m_AlwaysRefresh":false,"showFog":true,"showSkybox":false,"showFlares":true,"showImageEffects":true,"showParticleSystems":true,"showVisualEffectGraphs":true,"m_FxEnabled":true},"in2DMode":false,"pivot":{"x":0.012398988008499146,"y":0.17197157442569734,"z":-0.014184936881065369},"rotation":{"x":-0.2211252897977829,"y":0.23564115166664124,"z":-0.05518035218119621,"w":-0.9448719024658203},"size":0.2690943777561188,"orthographic":true}